﻿{"cameraMode":{"drawMode":0,"name":"Shaded","section":"Shading Mode"},"sceneLighting":true,"audioPlay":false,"sceneViewState":{"showFog":true,"showMaterialUpdate":true,"showSkybox":true,"showFlares":true,"showImageEffects":true,"showParticleSystems":true},"in2DMode":false,"pivot":{"x":-0.00189208984375,"y":0.02984619140625,"z":-0.03619384765625},"rotation":{"x":0.15455567836761475,"y":0.44376054406166079,"z":-0.0780024304986,"w":0.8792638182640076},"size":0.26600661873817446,"orthographic":true}