﻿{"cameraMode":{"drawMode":0,"name":"Shaded","section":"Shading Mode"},"sceneLighting":false,"audioPlay":false,"sceneViewState":{"showFog":true,"showMaterialUpdate":true,"showSkybox":true,"showFlares":true,"showImageEffects":true,"showParticleSystems":true},"in2DMode":false,"pivot":{"x":-0.10314863920211792,"y":0.05668388307094574,"z":0.29594388604164126},"rotation":{"x":-0.0689559355378151,"y":0.5989545583724976,"z":-0.05187860131263733,"w":-0.7961200475692749},"size":1.0898072719573975,"orthographic":false}