﻿{"cameraMode":{"drawMode":0,"name":"Shaded","section":"Shading Mode"},"sceneLighting":false,"audioPlay":false,"sceneViewState":{"showFog":true,"showMaterialUpdate":true,"showSkybox":true,"showFlares":true,"showImageEffects":true,"showParticleSystems":true},"in2DMode":false,"pivot":{"x":-0.012683331966400147,"y":0.030822739005088807,"z":-0.056246109306812289},"rotation":{"x":-0.13074088096618653,"y":0.663281261920929,"z":-0.1192580834031105,"w":-0.7271466851234436},"size":0.5501249432563782,"orthographic":false}